x,y,diameter,name
160,103,43.19838,Happy
372,137,52.42526,Sad
273,235,61.14072,Joyous
121,179,44.758068,Melancholy
260.0,107.0,42.222206,Blah
308.0,159.0,73.16306,Blah
437.0,193.0,40.026585,Blah
